{
    "content": [
        {
            "path": "manifest.json"
        },
        {
            "path": "holograms/hologram_hand_left.obj"
        },
        {
            "path": "holograms/hologram_hand_right.obj"
        },
        {
            "path": "holograms/hologram_icon_crosshair_white.obj"
        },
        {
            "path": "holograms/hologram_icon_cursor_white.obj"
        },
        {
            "path": "holograms/hologram_icon_tv_white.obj"
        },
        {
            "path": "holograms/hologram_icon_world.obj"
        },
        {
            "path": "holograms/hologram_livingroom_frame.obj"
        },
        {
            "path": "holograms/hologram_livingroom_table.obj"
        },
        {
            "path": "holograms/hologram_VR_livingroom.obj"
        },
        {
            "path": "textures/hologram_fence_RGB.png"
        },
        {
            "path": "textures/hologram_hands.png"
        },
        {
            "path": "textures/hologram_icon_white.png"
        },
        {
            "path": "textures/hologram_VR_living_room.png"
        },
        {
            "path": "textures/hologram_wall_RGBA.png"
        },
        {
            "path": "textures/textures_list.json"
        }
    ]
}
