{
	"format_version": "1.10.0",
	"minecraft:attachable": {
		"description": {
			"identifier": "minecraft:stick",
			"materials": {
				"default": "entity",
				"enchanted": "entity_alphatest_glint"
			},
			"textures": {
        "default": "textures/entity/skeleton/skeleton",
        "enchanted": "textures/misc/enchanted_item_glint"
      },
      "geometry": {
        "default": "geometry.wiki.skeleton_head"
      },
			"animations": {
				"wield": "animation.spyglass.holding"
			},
			"scripts": {
				"animate": [
					"wield"
				]
			},
			"render_controllers": [
				"controller.render.item_default"
			]
		}
	}
}