{
    "format_version": "1.10.0",
    "animation_controllers": {
        "controller.animation.skele_yaklin.attack": {
            "initial_state": "default_state",
            "states": {
                "default_state": {
                    "animations": [
                        {
                            "walk": "query.modified_move_speed"
                        }
                    ],
                    "transitions": [
                        {
                            "attack_state": "variable.attack_time > 0"
                        }
                    ],
                    "blend_transition": 0.1
                },
                "attack_state": {
                    "animations": [
                        "attack"
                    ],
                    "transitions": [
                        {
                            "default_state": "variable.attack_time == 0"
                        }
                    ],
                    "blend_transition": 0.1
                    
                }
            }
        }
    }
}