{
  "format_version": "1.16.100",
  "minecraft:item": {
    "description": {
      "identifier": "wiki:carrot_new_item",
      "category": "nature"
    },
    "components": {
      "minecraft:use_duration": 1.5,
      "minecraft:use_animation": "eat",
      "minecraft:icon": {
        "texture": "carrot"
      },
      "minecraft:display_name": {
        "value": "Carrot"
      },
      "minecraft:max_stack_size": 16,
      "minecraft:food": {
        "can_always_eat": true,
        "nutrition": 2,
        "saturation_modifier": "normal"
      },
      "minecraft:block_placer": {
        "block": "wiki:carrots_new"
      }
    }
  }
}