{
    "resource_pack_name": "vanilla",
    "texture_name": "atlas.terrain",
    "padding": 8,
    "num_mip_levels": 4,
    "texture_data": {
    	"carrots_stage_0": {
    	    "textures": "textures/blocks/carrots_stage_0"
    	},
    	"carrots_stage_1": {
    	    "textures": "textures/blocks/carrots_stage_1"
    	},
    	"carrots_stage_2": {
    	    "textures": "textures/blocks/carrots_stage_2"
    	},
    	"carrots_stage_3": {
    	    "textures": "textures/blocks/carrots_stage_3"
    	},
    	"coarse_dirt_faded": {
    	    "textures": "textures/blocks/coarse_dirt_faded"
    	},
    	"empty": {
    	    "textures": "textures/blocks/empty"
    	},
    	"faded_farmland": {
    	    "textures": "textures/blocks/faded_farmland"
    	},
    	"faded_farmland_wet": {
    	    "textures": "textures/blocks/faded_farmland_wet"
    	}
    }
}