{
	"format_version": "1.12.0",
	"minecraft:geometry": [
		{
			"description": {
				"identifier": "geometry.crop",
				"texture_width": 16,
				"texture_height": 16,
				"visible_bounds_width": 2,
				"visible_bounds_height": 2.5,
				"visible_bounds_offset": [0, 0.75, 0]
			},
			"bones": [
				{
					"name": "crop",
					"pivot": [0, 0, 0],
					"cubes": [
						{
							"origin": [-8, -1, -4],
							"size": [16, 16, 0],
							"uv": {
								"north": {"uv": [0, 0], "uv_size": [16, 16], "material_instance": "crop"},
								"east": {"uv": [0, 0], "uv_size": [0, 16]},
								"west": {"uv": [0, 0], "uv_size": [0, 16]},
								"up": {"uv": [16, 0], "uv_size": [-16, 0]},
								"down": {"uv": [16, 0], "uv_size": [-16, 0]}
							}
						},
						{
							"origin": [-8, -1, 4],
							"size": [16, 16, 0],
							"uv": {
								"east": {"uv": [0, 0], "uv_size": [0, 16]},
								"south": {"uv": [0, 0], "uv_size": [16, 16]},
								"west": {"uv": [0, 0], "uv_size": [0, 16]},
								"up": {"uv": [16, 0], "uv_size": [-16, 0]},
								"down": {"uv": [16, 0], "uv_size": [-16, 0]}
							}
						},
						{
							"origin": [-8, -1, 4],
							"size": [16, 16, 0],
							"pivot": [0, 0, 0],
							"rotation": [0, -90, 0],
							"uv": {
								"east": {"uv": [0, 0], "uv_size": [0, 16]},
								"south": {"uv": [0, 0], "uv_size": [16, 16]},
								"west": {"uv": [0, 0], "uv_size": [0, 16]},
								"up": {"uv": [16, 0], "uv_size": [-16, 0]},
								"down": {"uv": [16, 0], "uv_size": [-16, 0]}
							}
						},
						{
							"origin": [-8, -1, -4],
							"size": [16, 16, 0],
							"pivot": [0, 0, 0],
							"rotation": [0, -90, 0],
							"uv": {
								"north": {"uv": [0, 0], "uv_size": [16, 16], "material_instance": "crop"},
								"east": {"uv": [0, 0], "uv_size": [0, 16]},
								"west": {"uv": [0, 0], "uv_size": [0, 16]},
								"up": {"uv": [16, 0], "uv_size": [-16, 0]},
								"down": {"uv": [16, 0], "uv_size": [-16, 0]}
							}
						}
					]
				}
			]
		}
	]
}