{
  "format_version": "1.10.0",
  "particle_effect": {
    "description": {
      "identifier": "tut:curvy_particle",
      "basic_render_parameters": {
        "material": "particles_alpha",
        "texture": "textures/particle/tut_particles"
      }
    },
    "components": {
      "minecraft:emitter_rate_instant": {
        "num_particles": 50
      },
      "minecraft:emitter_lifetime_once": {
        "active_time": 0
      },
      "minecraft:emitter_shape_sphere": {
        "radius": 0.3,
        "direction": "outwards"
      },
      "minecraft:particle_initial_speed": "Math.random(0.0, 15.0)",
      "minecraft:particle_initial_spin": {
        "rotation": "Math.random(0, 360)",
        "rotation_rate": "Math.random(-300, 300)"
      },
      "minecraft:particle_lifetime_expression": {
        "max_lifetime": "Math.random(1.0, 4.0)"
      },
      "minecraft:particle_motion_dynamic": {
        "linear_acceleration": [ 0, 2.0, 0 ],
        "linear_drag_coefficient": 5,
        "rotation_drag_coefficient": 0.3
      },
      "minecraft:particle_appearance_billboard": {
        "size": [ "0.11", "0.11" ],
        "facing_camera_mode": "lookat_xyz",
        "uv": {
          "texture_width": 16,
          "texture_height": 16,
          "flipbook": {
            "base_UV": [ 0, 0 ],
            "size_UV": [ 8, 8 ],
            "step_UV": [ 8, 0 ],
            "frames_per_second": 2,
            "max_frame": 2,
            "stretch_to_lifetime": true,
            "loop": false
          }
        }
      },
      "minecraft:particle_appearance_lighting": {}
    }
  }
}
