{
    "format_version": "1.16.100",
    "minecraft:item": {
        "description": {
            "identifier": "wiki:custom_sapling_placer",
            "category": "nature"
        },
        "components": {
            "minecraft:creative_category": {
                "parent": "itemGroup.name.sapling"
            },
            "minecraft:max_stack_size": 64,
            "minecraft:block_placer": {
                "block": "wiki:custom_sapling"
            },
            "minecraft:icon": {
                "texture": "custom_sapling_placer"
            }
        }
    }
}
