{
  "resource_pack_name": "tut",
  "texture_name": "atlas.terrain",
  "padding": 128,
  "num_mip_levels": 0,
  "texture_data": {
    "blocky": {
      "textures": "textures/blocks/blocky"
    },
    "sapp_log_top": {
      "textures": "textures/blocks/sapp_log_top"
    },
    "sapp_log_side": {
      "textures": "textures/blocks/sapp_log_side"
    },
    "compass_block_north": {
      "textures": "textures/blocks/compass_block/sb_north"
    },
    "compass_block_east": {
      "textures": "textures/blocks/compass_block/sb_east"
    },
    "compass_block_west": {
      "textures": "textures/blocks/compass_block/sb_west"
    },
    "compass_block_south": {
      "textures": "textures/blocks/compass_block/sb_south"
    },
    "compass_block_up": {
      "textures": "textures/blocks/compass_block/sb_up"
    },
    "compass_block_down": {
      "textures": "textures/blocks/compass_block/sb_down"
    }
  }
}