{
    "format_version": "1.12.0",
    "minecraft:item": {
        "description": {
            "identifier": "tut:meal"
        },
        "components": {
            "minecraft:hand_equipped": false,
            "minecraft:stacked_by_data": true,
            "minecraft:foil": false,
            "minecraft:max_stack_size": 64,
            "minecraft:use_duration": 32,
            "minecraft:food": {
                "nutrition": 4,
                "saturation_modifier": "normal",
                "can_always_eat": false,
                "effects": [
                    {
                        "name": "regeneration",
                        "chance": 1.0,
                        "duration": 5,
                        "amplifier": 1
                    },
                    {
                        "name": "absorption",
                        "chance": 1.0,
                        "duration": 120,
                        "amplifier": 3
                    }
                ]
            }
        }
    }
}