{
	"format_version": "1.16.0",
	"minecraft:geometry": [
		{
			"description": {
				"identifier": "geometry.wiki.steve_head",
				"texture_width": 64,
				"texture_height": 64,
				"visible_bounds_width": 3,
				"visible_bounds_height": 3,
				"visible_bounds_offset": [0, 1.5, 0]
			},
			"bones": [
        // Steve head model
				{
					"name": "steve_head",
					"pivot": [0, 4, 0],
					"cubes": [
						{"origin": [-4, 0, -4], "size": [8, 8, 8], "uv": [0, 0]}
					]
				}

        // NOTE: Add the player skeleton's bones here!
        
			]
		}
	]
}