{
    "format_version": "1.16.100",
    "minecraft:block": {
        "description": {
            "identifier": "wiki:custom_sapling",
            "properties": {
                "wiki:growing": [0, 1, 2]
            }
            //Properties of sapling growing
        },
        "permutations": [
            {
                "condition": "query.block_property('wiki:growing') == 0",
                "components": {
                    "minecraft:on_interact": {
                        "condition": "query.get_equipped_item_name('main_hand') == 'bone_meal'",
                        "event": "bone_meal_1"
                    },
                    "minecraft:ticking": {
                        "range": [120, 180],
                        "on_tick": {
                            "event": "grow_1"
                        }
                    }
                }
            },
            {
                "condition": "query.block_property('wiki:growing') == 1",
                "components": {
                    "minecraft:on_interact": {
                        "condition": "query.get_equipped_item_name('main_hand') == 'bone_meal'",
                        "event": "bone_meal_2"
                    },
                    "minecraft:ticking": {
                        "range": [120, 180],
                        "on_tick": {
                            "event": "grow_2"
                        }
                    }
                }
            },
            {
                "condition": "query.block_property('wiki:growing') == 2",
                "components": {
                    "minecraft:on_interact": {
                        "condition": "query.get_equipped_item_name('main_hand') == 'bone_meal'",
                        "event": "bone_meal_3"
                    },
                    "minecraft:ticking": {
                        "range": [120, 180],
                        "on_tick": {
                            "event": "grow_3"
                        }
                    }
                }
            }
        ],
        "components": {
            "minecraft:material_instances": {
                "*": {
                    "texture": "custom_sapling",
                    "render_method": "alpha_test",
                    //Add this two components to remove shadow from this block:
                    "face_dimming": false,
                    "ambient_occlusion": false
                }
            },
            "minecraft:pick_collision": {
                "origin": [-6, 0, -6],
                "size": [12, 13, 12]
            },
            "minecraft:loot": "loot_tables/blocks/custom_sapling.json",
            //Add loot component so it will drop sapling placer
            "minecraft:geometry": "geometry.custom_sapling",
            "minecraft:destroy_time": 0.01,
            "minecraft:entity_collision": false,
            "minecraft:breakonpush": true,
            "minecraft:breathability": "air",
            "minecraft:block_light_absorption": 0,
            "minecraft:placement_filter": {
                "conditions": [
                    {
                        "block_filter": ["minecraft:dirt", "minecraft:grass", "minecraft:podzol"],
                        "allowed_faces": ["up"]
                    }
                ]
            },
            //Allows to place block only on this blocks
            "minecraft:ticking": {
                "range": [1, 1],
                "on_tick": {
                    "event": "grow_0"
                }
            }
            //Starts to grow
        },
        "events": {
            "grow_0": {
                "set_block_property": {
                    "wiki:growing": 0
                }
                //Sets growing stage to 0
            },
            "grow_1": {
                "sequence": [
                    {
                        "run_command": {
                            "command": ["particle minecraft:crop_growth_emitter ~~~"]
                        }
                        //Adds particles
                    },
                    {
                        "set_block_property": {
                            "wiki:growing": 1
                        }
                        //Sets growing stage to 1
                    }
                ]
            },
            "grow_2": {
                "sequence": [
                    {
                        "run_command": {
                            "command": ["particle minecraft:crop_growth_emitter ~~~"]
                        }
                        //Adds particles
                    },
                    {
                        "set_block_property": {
                            "wiki:growing": 2
                            //Sets growing stage to 2
                        }
                    }
                ]
            },
            "grow_3": {
                "run_command": {
                    "command": ["particle minecraft:crop_growth_emitter ~~~", "structure load custom_tree ~-2 ~ ~-2"]
                }
                //Particles and structure loads. Magic!
            },
            "bone_meal_1": {
                "sequence": [
                    {
                        "decrement_stack": {}
                        //Clears item that were used to interact
                    },
                    {
                        "trigger": {
                            "event": "grow_1"
                        }
                        //Runs grow_1 event
                    }
                ]
            },
            "bone_meal_2": {
                "sequence": [
                    {
                        "decrement_stack": {}
                        //Clears item that were used to interact
                    },
                    {
                        "trigger": {
                            "event": "grow_2"
                        }
                        //Runs grow_2 event
                    }
                ]
            },
            "bone_meal_3": {
                "sequence": [
                    {
                        "decrement_stack": {}
                        //Clears item that were used to interact
                    },
                    {
                        "trigger": {
                            "event": "grow_3"
                        }
                        //Runs grow_3 event
                    }
                ]
            }
        }
    }
}
