{
    "format_version":"1.16.100",
    "minecraft:block":{
        "description":{
            "identifier":"wiki:custom_leaves",
            "properties":{
                "wiki:decaying":[
					true,
                    false
                ]
            }
            //Properties will make leaves decay or not
        },
        "permutations":[
            {
                "condition":"query.block_property('wiki:decaying') == true",
                "components":{
                    "minecraft:ticking":{
                        "looping":true,
                        "range":[
                            15.0,
                            20.0
                        ],
                        "on_tick":{
                            "event":"wiki:decay"
                        }
                        //In range of 10-18 seconds leaves will decay if weren't updated
                    }
                }
            },
            {
                "condition":"query.block_property('wiki:decaying') == false",
				"components":{}
				//Empty components
            }
        ],
        "components":{
            "minecraft:destroy_time":0.35,
            "minecraft:breakonpush":true,
            "minecraft:material_instances":{
                "*":{
                    "texture":"custom_leaves",
                    "render_method":"alpha_test"
                    //Use this render method to make leaves half-transparent, like vanilla ones
                }
            },
			"minecraft:flammable": {
				"burn_odds": 50,
				"flame_odds": 50
			},
            "minecraft:unit_cube":{},
            "minecraft:loot":"loot_tables/blocks/custom_leaves_loot.json",
            //Basic loot
            "minecraft:on_player_placing":{
                "event":"wiki:set_property_false"
            },
            //On player placing runs event that sets decaying property to false
            "minecraft:on_player_destroyed":{
                "condition":"query.get_equipped_item_name(0) == 'shears'",
                "event":"wiki:spawn_loot"
                //Spawns loot (leaves block)
            }
        },
        "events":{
            "wiki:set_property_false":{
                "set_block_property":{
                    "wiki:decaying":false
                }
            },
            //Sets decaying to false
            "wiki:set_property_true":{
                "set_block_property":{
                    "wiki:decaying":true
                }
            },
            //Sets decaying to true
            "wiki:spawn_loot":{
                "spawn_loot":{
                    "table":"loot_tables/blocks/custom_leaves_block.json"
                }
            },
            //Spawns leaves block
            "wiki:decay":{
                "run_command":{
                    "command":[
                        "setblock ~~~ air 0 destroy"
                    ]
                }
            }
            //Imitation of decaying
        }
    }
}
