{
    "format_version": "1.16.100",
    "minecraft:block": {
        "description": {
            "identifier": "wiki:custom_stripped_log",
            "properties": {
                "wiki:facing_direction": [0, 1, 2]
            }
        },
        "permutations": [
            {
                "condition": "query.block_property('wiki:facing_direction') == 0",
                "components": {
                    "minecraft:rotation": [0, 0, 0]
                }
            },
            {
                "condition": "query.block_property('wiki:facing_direction') == 1",
                "components": {
                    "minecraft:rotation": [90, 0, 0]
                }
            },
            {
                "condition": "query.block_property('wiki:facing_direction') == 2",
                "components": {
                    "minecraft:rotation": [0, 0, 90]
                }
            }
        ],
        "components": {
            "minecraft:material_instances": {
                "*": {
                    "texture": "custom_stripped_log",
                    "render_method": "opaque"
                },
                "ends": {
                    "texture": "custom_stripped_log_top",
                    "render_method": "opaque"
                },
                "up": "ends",
                "down": "ends"
            },
            "minecraft:flammable": {
                "burn_odds": 50,
                "flame_odds": 25
            },
            "minecraft:loot": "loot_tables/blocks/custom_stripped_log_block.json",
            "minecraft:destroy_time": 1.0,
            "minecraft:unit_cube": {},
            "minecraft:on_player_placing": {
                "event": "wiki:set_facing_direction"
            }
        },
        "events": {
            "wiki:set_facing_direction": {
                "set_block_property": {
                    "wiki:facing_direction": "math.floor( query.block_face / 2.0 )"
                }
            }
        }
    }
}
