{
    "format_version": "1.16.100",
    "minecraft:block": {
        "description": {
            "identifier": "wiki:custom_log",
            "properties": {
                "wiki:facing_direction": [0, 1, 2]
            }
            //Log direction properties
        },
        "permutations": [
            {
                "condition": "query.block_property('wiki:facing_direction') == 0",
                //If query.block_property('wiki:facing_direction') == 0 sets no rotation and on_interact component
                "components": {
                    "minecraft:rotation": [0, 0, 0],
                    "minecraft:on_interact": {
                        "condition": "query.equipped_item_any_tag('slot.weapon.mainhand', 'minecraft:is_axe')",
                        "event": "wiki:become_stripped_0"
                        //Event sets custom stripped log with no rotation
                    }
                }
            },
            {
                "condition": "query.block_property('wiki:facing_direction') == 1",
                //If query.block_property('wiki:facing_direction') == 1 sets rotation and on_interact component
                "components": {
                    "minecraft:rotation": [90, 0, 0],
                    "minecraft:on_interact": {
                        "condition": "query.equipped_item_any_tag('slot.weapon.mainhand', 'minecraft:is_axe')",
                        "event": "wiki:become_stripped1"
                        //Event sets custom stripped log with rotation
                    }
                }
            },
            {
                "condition": "query.block_property('wiki:facing_direction') == 2",
                //If query.block_property('wiki:facing_direction') == 2 sets rotation and on_interact component
                "components": {
                    "minecraft:rotation": [0, 0, 90],
                    "minecraft:on_interact": {
                        "condition": "query.equipped_item_any_tag('slot.weapon.mainhand', 'minecraft:is_axe')",
                        "event": "wiki:become_stripped2"
                        //Event sets custom stripped log with rotation
                    }
                }
            }
        ],
        "components": {
            "minecraft:material_instances": {
                "*": {
                    "texture": "custom_log",
                    "render_method": "opaque"
                },
                "ends": {
                    "texture": "custom_log_top",
                    "render_method": "opaque"
                },
                "up": "ends",
                "down": "ends"
                //Sets different textures for sides and top/bottom of log
            },
            "minecraft:loot": "loot_tables/blocks/custom_log_block.json",
            //Due to some bugs you need to add this component and loot table
            "minecraft:destroy_time": 1.0,
            "minecraft:unit_cube": {},
            "minecraft:ticking": {
                "looping": true,
                "range": [6.0, 8.0],
                "on_tick": {
                    "event": "wiki:update_leaves"
                }
            },
            //Updates blocks every 4-6 seconds so they don't decay. Use range to prevent huge lags every N-seconds
            "minecraft:on_player_placing": {
                "event": "wiki:set_facing_direction"
            }
            //Sets log rotation on player placing
        },
        "events": {
            "wiki:update_leaves": {
                "run_command": {
                    "command": [
						"fill ~3 ~3 ~3 ~-3 ~-3 ~-3 wiki:fake_leaves 0 replace wiki:custom_leaves",
						"fill ~3 ~3 ~3 ~-3 ~-3 ~-3 wiki:custom_leaves 0 replace wiki:fake_leaves"
					]
                }
            },
            //Updates leaves
            "wiki:set_facing_direction": {
                "set_block_property": {
                    "wiki:facing_direction": "math.floor( query.block_face / 2.0 )"
                }
            },
            //Sets block rotation
            "wiki:become_stripped_0": {
                "sequence": [
                    {
                        "run_command": {
                            "command": [
								"setblock ~~~ wiki:custom_stripped_log",
								"playsound hit.wood @a ~~~"
							]
                        }
                    },
                    //Sets custom stripped log with special rotation and plays sound
                    {
                        "damage": {
                            "type": "durability",
                            "amount": 1,
                            "target": "item"
                        }
                    }
                    //Damages axe of player who stripped the log
                ]
            },
            "wiki:become_stripped1": {
                "sequence": [
                    {
                        "run_command": {
                            "command": [
								"structure load custom_stripped_log1 ~~~",
								"playsound hit.wood @a ~~~"
							]
                        }
                    },
                    //Loads structure (custom stripped log with special rotation) and plays sound
                    {
                        "damage": {
                            "type": "durability",
                            "amount": 1,
                            "target": "item"
                        }
                    }
                    //Damages axe of player who stripped the log
                ]
            },
            "wiki:become_stripped2": {
                "sequence": [
                    {
                        "run_command": {
                            "command": [
								"structure load custom_stripped_log2 ~~~",
								"playsound hit.wood @a ~~~"
							]
                        }
                    },
                    //Loads structure (custom stripped log with special rotation) and plays sound
                    {
                        "damage": {
                            "type": "durability",
                            "amount": 1,
                            "target": "item"
                        }
                    }
                    //Damages axe of player who stripped the log
                ]
            }
        }
    }
}