{
    "format_version": "1.16.100",
    "minecraft:block": {
        "description": {
            "identifier": "wiki:fake_leaves"
        },
        "components": {
            "minecraft:destroy_time": 2,
            "minecraft:breakonpush": true,
            "minecraft:material_instances": {
                "*": {
                    "texture": "custom_leaves",
                    "render_method": "alpha_test"
                    //Use this render method to make leaves half-transparent, like vanilla ones
                }
            },
            "minecraft:flammable": {
                "burn_odds": 50,
                "flame_odds": 50
            },
            "minecraft:ticking": {
                "range": [0.1, 0.1],
                "on_tick": {
                    "event": "wiki:update_leaves"
                }
            },
            //If something went wrong and fake leaves weren't replaces with custom leaves
            "minecraft:unit_cube": {},
            "minecraft:loot": "loot_tables/blocks/custom_leaves_loot.json"
            //Basic loot
        },
        "events": {
            "wiki:update_leaves": {
                "run_command": {
                    "command": ["setblock ~~~ wiki:custom_leaves"]
                }
            }
            //Turning Back into custom leaves (if log was broken)
        }
    }
}
