{
	"format_version": "1.13.0",
	"minecraft:biome": {
		"description": {
			"identifier": "cold_biome"
		},
		"components": {
			"minecraft:climate": {
				"downfall": 1.0,
				"snow_accumulation": [
					0.6,
					0.9
				],
				"temperature": 15
			},
			"minecraft:overworld_surface": {
				"floor_depth": 7,
				"floor_material": "minecraft:blue_ice",
				"foundation_material": "minecraft:cobblestone",
				"mid_material": "minecraft:concrete",
				"top_material": "minecraft:glass"
			},
			"minecraft:overworld_height": {
				
				"noise_params": [
					0.1,
					0.4
				]
			},
			"minecraft:world_generation_rules": {
				"generate_for_climates": [
					[
						"medium",
						0
					],
					[
						"cold",
						3
					],
					[
						"warm",
						0
					]
				]
			},
			"cold_biome": {}
		}
	}
}