{
  "format_version": "1.14.0",
  "sound_definitions": {
    "mob.yaklin.idle": {
      "category": "neutral",
      "max_distance": 12.0,
      "sounds": [
        "sounds/mob/yaklin_moo",
        "sounds/mob/yaklin_moo_2"
      ]
    },
    "mob.yaklin.death": {
      "category": "neutral",
      "max_distance": 12.0,
      "sounds": [
        "sounds/mob/yaklin_moo"
      ]
    },
    "mob.yaklin.hurt": {
      "category": "neutral",
      "max_distance": 12.0,
      "sounds": "sounds/mob/yaklin_moo"
    }
  }
}