{
    "num_mip_levels":4,
    "padding":8,
    "resource_pack_name":"Parts of Custom Tree",
    "texture_data":{
		"custom_leaves":{
            "textures":"textures/blocks/leaves_oak"
        },
        "custom_log":{
            "textures":"textures/blocks/log_oak"
        },
        "custom_log_top":{
            "textures":"textures/blocks/log_oak_top"
        },
		"custom_stripped_log":{
            "textures":"textures/blocks/stripped_oak_log"
        },
        "custom_stripped_log_top":{
            "textures":"textures/blocks/stripped_oak_log_top"
        },
		"custom_sapling":{
			"textures":"textures/blocks/sapling_oak"
		}
    },
    "texture_name":"atlas.terrain"
}