{
    "format_version": "1.8.0",
    "minecraft:spawn_rules": {
        "description": {
            "identifier": "tut:skele_yaklin",
            "population_control": "monster"
        },
        "conditions": [
            {
                "minecraft:spawns_underground": {},
                "minecraft:weight": {
                    "default": 120
                },
                "minecraft:herd": {
                    "min_size": 2,
                    "max_size": 3
                },
                "minecraft:biome_filter": {
                    "any_of": [
                        {
                            "test": "has_biome_tag",
                            "operator": "==",
                            "value": "nether"
                        },
                        {
                            "test": "has_biome_tag",
                            "operator": "==",
                            "value": "mesa"
                        },
                        {
                            "test": "has_biome_tag",
                            "operator": "==",
                            "value": "volcanic"
                        }
                    ]
                }
            }
        ]
    }
}