{
  "format_version": [
    1,
    1,
    0
  ],
  "tut:blocky": {
    "textures": "blocky",
    "sound": "stone"
  },
  "tut:sapp_log": {
    "textures": {
      "up": "sapp_log_top",
      "down": "sapp_log_top",
      "side": "sapp_log_side"
    },
    "sound": "wood"
  },
  "tut:compass_block": {
    "textures": {
      "up": "compass_block_up",
      "down": "compass_block_down",
      "north": "compass_block_north",
      "south": "compass_block_south",
      "west": "compass_block_west",
      "east": "compass_block_east"
    },
    "sound": "wool"
  },
  "tut:flashing": {
    "textures": "flashing",
    "sound": "glass"
  }
}