{
	"format_version": "1.12.0",
	"minecraft:geometry": [
		{
			"description": {
				"identifier": "geometry.fluid",
				"texture_width": 16,
				"texture_height": 16,
				"visible_bounds_width": 3,
				"visible_bounds_height": 3,
				"visible_bounds_offset": [0, 0.5, 0]
			},
			"bones": [
				{
					"name": "fluid",
					"pivot": [0, 0, 0]
				},
				{
					"name": "bottom",
					"parent": "fluid",
					"pivot": [0, 0, 0],
					"cubes": [
						{
							"origin": [-8, 0, -8],
							"size": [16, 0, 16],
							"uv": {
								"north": {"uv": [0, 0], "uv_size": [4, 0]},
								"east": {"uv": [0, 0], "uv_size": [4, 0]},
								"south": {"uv": [0, 0], "uv_size": [4, 0]},
								"west": {"uv": [0, 0], "uv_size": [16, 16]},
								"up": {"uv": [16, 16], "uv_size": [-16, -16]},
								"down": {"uv": [16, 16], "uv_size": [-16, -16]}
							}
						}
					]
				},
				{
					"name": "top",
					"parent": "fluid",
					"pivot": [0, 0, 0],
					"cubes": [
						{
							"origin": [-8, 16, -8],
							"size": [16, 0, 16],
							"uv": {
								"north": {"uv": [0, 0], "uv_size": [4, 0]},
								"east": {"uv": [0, 0], "uv_size": [4, 0]},
								"south": {"uv": [0, 0], "uv_size": [4, 0]},
								"west": {"uv": [0, 0], "uv_size": [16, 16]},
								"up": {"uv": [16, 16], "uv_size": [-16, -16]},
								"down": {"uv": [16, 16], "uv_size": [-16, -16]}
							}
						}
					]
				},
				{
					"name": "nz",
					"parent": "fluid",
					"pivot": [0, 0, 0],
					"cubes": [
						{
							"origin": [-8, 0, -8],
							"size": [16, 16, 0],
							"uv": {
								"north": {"uv": [0, 0], "uv_size": [16, 16]},
								"east": {"uv": [0, 0], "uv_size": [0, 4]},
								"south": {"uv": [0, 0], "uv_size": [16, 16]},
								"west": {"uv": [0, 0], "uv_size": [16, 16]},
								"up": {"uv": [4, 0], "uv_size": [-4, 0]},
								"down": {"uv": [4, 0], "uv_size": [-4, 0]}
							}
						}
					]
				},
				{
					"name": "z",
					"parent": "fluid",
					"pivot": [0, 0, 0],
					"cubes": [
						{
							"origin": [-8, 0, 8],
							"size": [16, 16, 0],
							"uv": {
								"north": {"uv": [0, 0], "uv_size": [16, 16]},
								"east": {"uv": [0, 0], "uv_size": [0, 4]},
								"south": {"uv": [0, 0], "uv_size": [16, 16]},
								"west": {"uv": [0, 0], "uv_size": [16, 16]},
								"up": {"uv": [4, 0], "uv_size": [-4, 0]},
								"down": {"uv": [4, 0], "uv_size": [-4, 0]}
							}
						}
					]
				},
				{
					"name": "nx",
					"parent": "fluid",
					"pivot": [0, 0, 0],
					"cubes": [
						{
							"origin": [8, 0, -8],
							"size": [0, 16, 16],
							"uv": {
								"north": {"uv": [0, 0], "uv_size": [0, 4]},
								"east": {"uv": [0, 0], "uv_size": [16, 16]},
								"south": {"uv": [0, 0], "uv_size": [0, 4]},
								"west": {"uv": [0, 0], "uv_size": [16, 16]},
								"up": {"uv": [0, 4], "uv_size": [0, -4]},
								"down": {"uv": [0, 4], "uv_size": [0, -4]}
							}
						}
					]
				},
				{
					"name": "x",
					"parent": "fluid",
					"pivot": [0, 0, 0],
					"cubes": [
						{
							"origin": [-8, 0, -8],
							"size": [0, 16, 16],
							"uv": {
								"north": {"uv": [0, 0], "uv_size": [0, 4]},
								"east": {"uv": [0, 0], "uv_size": [16, 16]},
								"south": {"uv": [0, 0], "uv_size": [0, 4]},
								"west": {"uv": [0, 0], "uv_size": [16, 16]},
								"up": {"uv": [0, 4], "uv_size": [0, -4]},
								"down": {"uv": [0, 4], "uv_size": [0, -4]}
							}
						}
					]
				}
			]
		}
	]
}