{
	"format_version": "1.8.0",
	"animations": {
		"animation.skele_yaklin.walk": {
			"loop": true,
			"animation_length": 1,
			"bones": {
				"tail": {
					"rotation": [15, 0, 0]
				},
				"head": {
					"rotation": [-10, 0, 0]
				},
				"leg0": {
					"rotation": {
						"0.0": [-20, 0, 0],
						"0.5": [25, 0, 0],
						"1.0": [-20, 0, 0]
					}
				},
				"leg1": {
					"rotation": {
						"0.0": [35, 0, 0],
						"0.5": [-30, 0, 0],
						"1.0": [35, 0, 0]
					}
				},
				"leg2": {
					"rotation": {
						"0.0": [-40, 0, 0],
						"0.5": [25, 0, 0],
						"1.0": [-40, 0, 0]
					}
				},
				"leg3": {
					"rotation": {
						"0.0": [30, 0, 0],
						"0.5": [-55, 0, 0],
						"1.0": [30, 0, 0]
					}
				}
			}
		},
		"animation.skele_yaklin.attack": {
			"loop": true,
			"bones": {
				"body": {
					"rotation": [-10, 0, 0]
				},
				"tail": {
					"rotation": [15, 0, 0]
				},
				"head": {
					"rotation": [20, 5, 0],
					"position": [0, 6, 2]
				},
				"leg0": {
					"rotation": [10, 0, 0]
				},
				"leg1": {
					"rotation": [20, 0, 0]
				},
				"leg2": {
					"rotation": [-75, 0, 0]
				},
				"leg3": {
					"rotation": [-50, 0, 0]
				}
			},
			"particle_effects": {
				"0.0": {
					"effect": "l_explosion",
					"locator": "l_expl_emitter"
				}
			}
		}
	}
}