{
    "pools":[
        {
            "rolls":1,
            "entries":[
                {
                    "type":"item",
                    "name":"minecraft:apple",
                    "weight":1
                },
                {
                    "type":"item",
                    "name":"minecraft:sapling",
                    "weight":5
                },
                {
                    "type":"empty",
                    "weight":10
                }
            ]
        }
    ]
}