{
  "format_version": "1.10.0",
  "minecraft:client_entity": {
    "description": {
      "identifier": "tut:skele_yaklin",
      "materials": {
        "default": "skeleton"
      },
      "textures": {
        "red": "textures/entity/skele_yaklin",
        "arctic": "textures/entity/skele_yaklin_arctic"
      },
      "geometry": {
        "default": "geometry.skele_yaklin"
      },
      "animations": {
        "walk": "animation.skele_yaklin.walk",
        "attack": "animation.skele_yaklin.attack",
        "humanoid_big_head": "animation.humanoid.big_head",
        "look_at_target": "animation.humanoid.look_at_target.default.v1.0",
        "ctrl": "controller.animation.skele_yaklin.attack"
      },
      "scripts": {
        "animate": [
          "ctrl",
          {
            "humanoid_big_head": "query.is_baby"
          },
          "look_at_target"
        ]
      },
      "render_controllers": [
        "controller.render.skele_yaklin"
      ],
      "particle_effects": {
        "l_explosion": "minecraft:large_explosion"
      },
      "enable_attachables": false,
      "spawn_egg": {
        "base_color": "#82502e",
        "overlay_color": "#989797"
      }
    }
  }
}