{
  "format_version": "1.19.30",
  "minecraft:block": {
    "description": {
      "identifier": "wiki:carrots_new",
      "menu_category": {
        "category": "nature",
        "is_hidden_in_commands": false
      },
      "properties": {
        "wiki:crop_stage": [ 0, 1, 2, 3 ]
      }
    },
    "components": {
      "tag:carrots_new": {},
      "minecraft:flammable": true,
      "minecraft:light_dampening": 0,
      "minecraft:collision_box": false,
      "minecraft:geometry": "geometry.crop",
      "minecraft:loot": "loot_tables/blocks/empty_loot.json",
      "minecraft:on_player_destroyed": {
        "event": "wiki:update_loot"
      },
      "minecraft:placement_filter": {
        "conditions": [
          {
            "block_filter": [ "wiki:faded_farmland" ],
            "allowed_faces": [ "up" ]
          }
        ]
      },
      "minecraft:material_instances": {
        "*": {
          "texture": "carrots_stage_0",
          "render_method": "alpha_test",
          "face_dimming": false,
          "ambient_occlusion": false
        }
      },
      "minecraft:random_ticking": {
        "on_tick": {
          "event": "wiki:add_stage",
          "target": "self"
        }
      },
      "minecraft:queued_ticking": {
        "looping": true,
        "interval_range": [ 10, 10 ],
        "on_tick": {
          "event": "wiki:detect_liquid",
          "target": "self"
        }
      },
      "minecraft:on_interact": {
        "event": "wiki:bonemeal",
        "condition": "query.is_item_name_any('slot.weapon.mainhand', 0, 'minecraft:bone_meal')"
      }
    },
    "events": {
      "wiki:detect_liquid": {
        "sequence": [
          { // if water is detected above or next to the crop, run "wiki:update_loot"
            "condition": "q.block_neighbor_has_any_tag(1,0,0,'water') || q.block_neighbor_has_any_tag(-1,0,0,'water') || q.block_neighbor_has_any_tag(0,0,1,'water') || q.block_neighbor_has_any_tag(0,0,-1,'water') || q.block_neighbor_has_any_tag(0,1,0,'water')",
            "trigger": {
              "event": "wiki:update_loot"
            }
          },
          { // if water is detected above or next to the crop, replace the block with air
            "condition": "q.block_neighbor_has_any_tag(1,0,0,'water') || q.block_neighbor_has_any_tag(-1,0,0,'water') || q.block_neighbor_has_any_tag(0,0,1,'water') || q.block_neighbor_has_any_tag(0,0,-1,'water') || q.block_neighbor_has_any_tag(0,1,0,'water')",
            "die": {}
          }
        ]
      },
      "wiki:update_loot": {
        "sequence": [
          {
            "condition": "q.block_property('wiki:crop_stage') == 0",
            "spawn_loot": {
              "table": "loot_tables/blocks/one_carrot_loot.json"
            }
          },
          {
            "condition": "q.block_property('wiki:crop_stage') == 1",
            "spawn_loot": {
              "table": "loot_tables/blocks/one_carrot_loot.json"
            }
          },
          {
            "condition": "q.block_property('wiki:crop_stage') == 2",
            "spawn_loot": {
              "table": "loot_tables/blocks/one_carrot_loot.json"
            }
          },
          {
            "condition": "q.block_property('wiki:crop_stage') == 3",
            "spawn_loot": {
              "table": "loot_tables/blocks/random_carrot_loot.json"
            }
          }
        ]
      },
      "wiki:add_stage": {
        "sequence": [
          {
            "condition": "q.block_property('wiki:crop_stage') < 3",
            "set_block_property": {
              "wiki:crop_stage": "q.block_property('wiki:crop_stage')+1"
            }
          }
        ]
      },
      "wiki:bonemeal": {
        "sequence": [
          {
            "condition": "q.block_property('wiki:crop_stage') < 3",
            "set_block_property": {
              "wiki:crop_stage": "q.block_property('wiki:crop_stage')+math.random(1, 3-q.block_property('wiki:crop_stage'))"
            }
          },
          {
            "run_command": {
              "command": [ "particle minecraft:crop_growth_emitter ~ ~ ~" ],
              "target": "self"
            }
          }
        ]
      }
    },
    "permutations": [
      {
        "condition": "query.block_property('wiki:crop_stage') == 0",
        "components": {
          "minecraft:material_instances": {
            "*": {
              "texture": "carrots_stage_0",
              "render_method": "alpha_test",
              "face_dimming": false,
              "ambient_occlusion": false
            }
          },
          "minecraft:selection_box": {
            "origin": [ -8, 0, -8 ],
            "size": [ 16, 2, 16 ]
          }
        }
      },
      {
        "condition": "query.block_property('wiki:crop_stage') == 1",
        "components": {
          "minecraft:material_instances": {
            "*": {
              "texture": "carrots_stage_1",
              "render_method": "alpha_test",
              "face_dimming": false,
              "ambient_occlusion": false
            }
          },
          "minecraft:selection_box": {
            "origin": [ -8, 0, -8 ],
            "size": [ 16, 5, 16 ]
          }
        }
      },
      {
        "condition": "query.block_property('wiki:crop_stage') == 2",
        "components": {
          "minecraft:material_instances": {
            "*": {
              "texture": "carrots_stage_2",
              "render_method": "alpha_test",
              "face_dimming": false,
              "ambient_occlusion": false
            }
          },
          "minecraft:selection_box": {
            "origin": [ -8, 0, -8 ],
            "size": [ 16, 9, 16 ]
          }
        }
      },
      {
        "condition": "query.block_property('wiki:crop_stage') == 3",
        "components": {
          "minecraft:material_instances": {
            "*": {
              "texture": "carrots_stage_3",
              "render_method": "alpha_test",
              "face_dimming": false,
              "ambient_occlusion": false
            }
          },
          "minecraft:selection_box": {
            "origin": [ -8, 0, -8 ],
            "size": [ 16, 13, 16 ]
          }
        }
      }
    ]
  }
}