{
  "format_version": "1.19.30",
  "minecraft:block": {
    "description": {
      "identifier": "wiki:coarse_dirt_faded",
      "menu_category": {
        "category": "nature",
        "is_hidden_in_commands": false
      }
    },
    "components": {
      "tag:dirt": {},
      "tag:farmland": {},
      "tag:fertilize_area": {},
      "tag:minecraft:crop": {},
      "minecraft:unit_cube": {}, // give normal cube geometry
      "minecraft:map_color": "#6C5746",
      "minecraft:destructible_by_mining": {
        "seconds_to_destroy": 2.0
      },
      "minecraft:on_interact": { // activate "wiki:convert_to_farmland" when interacted with
        "event": "wiki:convert_to_farmland",
        "condition": "query.get_equipped_item_name('main_hand') == 'wooden_hoe' || query.get_equipped_item_name('main_hand') == 'stone_hoe' || query.get_equipped_item_name('main_hand') == 'iron_hoe' || query.get_equipped_item_name('main_hand') == 'golden_hoe' || query.get_equipped_item_name('main_hand') == 'diamond_hoe' || query.get_equipped_item_name('main_hand') == 'netherite_hoe'"
      },
      "minecraft:material_instances": {
        "*": {
          "texture": "coarse_dirt_faded",
          "render_method": "alpha_test"
        }
      }
    },
    "events": {
      "wiki:convert_to_farmland": {
        "sequence": [
          {
            "play_sound": { // play a pop sound
              "sound": "pop"
            }
          },
          {
            "set_block_at_pos": { //replace this block with "wiki:faded_farmland"
              "block_type": "wiki:faded_farmland",
              "block_offset": [ 0, 0, 0 ]
            }
          }
        ]
      }
    }
  }
}