{
  "format_version": "1.19.60",
  "minecraft:block": {
    "description": {
      "identifier": "wiki:faded_farmland",
      "menu_category": {
        "category": "nature",
        "is_hidden_in_commands": false
      },
      "properties": {
        "wiki:wet_farmland": [ 0, 1 ]
      }
    },
    "components": {
      "tag:faded_farmland": {},
      "minecraft:map_color": "#0A5E20",
      "minecraft:geometry": "geometry.farmland",
      "minecraft:destructible_by_mining": {
        "seconds_to_destroy": 2.0
      },
      "minecraft:selection_box": {
        "origin": [ -8, 0, -8 ],
        "size": [ 16, 15, 16 ]
      },
      "minecraft:collision_box": {
        "origin": [ -8, 0, -8 ],
        "size": [ 16, 15, 16 ]
      },
      "minecraft:random_ticking": {
        "on_tick": {
          "event": "wiki:detect_water",
          "target": "self"
        }
      },
      "minecraft:material_instances": {
        "*": {
          "texture": "coarse_dirt_faded",
          "render_method": "alpha_test"
        },
        "up": {
          "texture": "faded_farmland",
          "render_method": "alpha_test"
        }
      }
    },
    "events": {
      "wiki:detect_water": {
        "sequence": [
          { // Checks for water around the block and runs "wiki:dry_farmland" if it doesnt find any
            "condition": "!query.block_neighbor_has_any_tag(4,0,0,'water') && !query.block_neighbor_has_any_tag(3,0,0,'water') && !query.block_neighbor_has_any_tag(2,0,0,'water') && !query.block_neighbor_has_any_tag(1,0,0,'water') && !query.block_neighbor_has_any_tag(-1,0,0,'water') && !query.block_neighbor_has_any_tag(-2,0,0,'water') && !query.block_neighbor_has_any_tag(-3,0,0,'water') && !query.block_neighbor_has_any_tag(-4,0,0,'water') && !query.block_neighbor_has_any_tag(4,0,-4,'water') && !query.block_neighbor_has_any_tag(3,0,-4,'water') && !query.block_neighbor_has_any_tag(2,0,-4,'water') && !query.block_neighbor_has_any_tag(1,0,-4,'water') && !query.block_neighbor_has_any_tag(0,0,-4,'water') && !query.block_neighbor_has_any_tag(-1,0,-4,'water') && !query.block_neighbor_has_any_tag(-2,0,-4,'water') && !query.block_neighbor_has_any_tag(-3,0,-4,'water') && !query.block_neighbor_has_any_tag(-4,0,-4,'water') && !query.block_neighbor_has_any_tag(4,0,-3,'water') && !query.block_neighbor_has_any_tag(3,0,-3,'water') && !query.block_neighbor_has_any_tag(2,0,-3,'water') && !query.block_neighbor_has_any_tag(1,0,-3,'water') && !query.block_neighbor_has_any_tag(0,0,-3,'water') && !query.block_neighbor_has_any_tag(-1,0,-3,'water') && !query.block_neighbor_has_any_tag(-2,0,-3,'water') && !query.block_neighbor_has_any_tag(-3,0,-3,'water') && !query.block_neighbor_has_any_tag(-4,0,-3,'water') && !query.block_neighbor_has_any_tag(4,0,-2,'water') && !query.block_neighbor_has_any_tag(3,0,-2,'water') && !query.block_neighbor_has_any_tag(2,0,-2,'water') && !query.block_neighbor_has_any_tag(1,0,-2,'water') && !query.block_neighbor_has_any_tag(0,0,-2,'water') && !query.block_neighbor_has_any_tag(-1,0,-2,'water') && !query.block_neighbor_has_any_tag(-2,0,-2,'water') && !query.block_neighbor_has_any_tag(-3,0,-2,'water') && !query.block_neighbor_has_any_tag(-4,0,-2,'water') && !query.block_neighbor_has_any_tag(4,0,-1,'water') && !query.block_neighbor_has_any_tag(3,0,-1,'water') && !query.block_neighbor_has_any_tag(2,0,-1,'water') && !query.block_neighbor_has_any_tag(1,0,-1,'water') && !query.block_neighbor_has_any_tag(0,0,-1,'water') && !query.block_neighbor_has_any_tag(-1,0,-1,'water') && !query.block_neighbor_has_any_tag(-2,0,-1,'water') && !query.block_neighbor_has_any_tag(-3,0,-1,'water') && !query.block_neighbor_has_any_tag(-4,0,-1,'water') && !query.block_neighbor_has_any_tag(4,0,1,'water') && !query.block_neighbor_has_any_tag(3,0,1,'water') && !query.block_neighbor_has_any_tag(2,0,1,'water') && !query.block_neighbor_has_any_tag(1,0,1,'water') && !query.block_neighbor_has_any_tag(0,0,1,'water') && !query.block_neighbor_has_any_tag(-1,0,1,'water') && !query.block_neighbor_has_any_tag(-2,0,1,'water') && !query.block_neighbor_has_any_tag(-3,0,1,'water') && !query.block_neighbor_has_any_tag(-4,0,1,'water') && !query.block_neighbor_has_any_tag(4,0,2,'water') && !query.block_neighbor_has_any_tag(3,0,2,'water') && !query.block_neighbor_has_any_tag(2,0,2,'water') && !query.block_neighbor_has_any_tag(1,0,2,'water') && !query.block_neighbor_has_any_tag(0,0,2,'water') && !query.block_neighbor_has_any_tag(-1,0,2,'water') && !query.block_neighbor_has_any_tag(-2,0,2,'water') && !query.block_neighbor_has_any_tag(-3,0,2,'water') && !query.block_neighbor_has_any_tag(-4,0,2,'water') && !query.block_neighbor_has_any_tag(4,0,3,'water') && !query.block_neighbor_has_any_tag(3,0,3,'water') && !query.block_neighbor_has_any_tag(2,0,3,'water') && !query.block_neighbor_has_any_tag(1,0,3,'water') && !query.block_neighbor_has_any_tag(0,0,3,'water') && !query.block_neighbor_has_any_tag(-1,0,3,'water') && !query.block_neighbor_has_any_tag(-2,0,3,'water') && !query.block_neighbor_has_any_tag(-3,0,3,'water') && !query.block_neighbor_has_any_tag(-4,0,3,'water') && !query.block_neighbor_has_any_tag(4,0,4,'water') && !query.block_neighbor_has_any_tag(3,0,4,'water') && !query.block_neighbor_has_any_tag(2,0,4,'water') && !query.block_neighbor_has_any_tag(1,0,4,'water') && !query.block_neighbor_has_any_tag(0,0,4,'water') && !query.block_neighbor_has_any_tag(-1,0,4,'water') && !query.block_neighbor_has_any_tag(-2,0,4,'water') && !query.block_neighbor_has_any_tag(-3,0,4,'water') && !query.block_neighbor_has_any_tag(-4,0,4,'water')",
            "set_block_property": {
              "wiki:wet_farmland": 0
            }
          },
          { // Checks for water around the block and runs "wiki:wet_farmland" if it finds any
            "condition": "query.block_neighbor_has_any_tag(4,0,0,'water') || query.block_neighbor_has_any_tag(3,0,0,'water') || query.block_neighbor_has_any_tag(2,0,0,'water') || query.block_neighbor_has_any_tag(1,0,0,'water') || query.block_neighbor_has_any_tag(-1,0,0,'water') || query.block_neighbor_has_any_tag(-2,0,0,'water') || query.block_neighbor_has_any_tag(-3,0,0,'water') || query.block_neighbor_has_any_tag(-4,0,0,'water') || query.block_neighbor_has_any_tag(4,0,-4,'water') || query.block_neighbor_has_any_tag(3,0,-4,'water') || query.block_neighbor_has_any_tag(2,0,-4,'water') || query.block_neighbor_has_any_tag(1,0,-4,'water') || query.block_neighbor_has_any_tag(0,0,-4,'water') || query.block_neighbor_has_any_tag(-1,0,-4,'water') || query.block_neighbor_has_any_tag(-2,0,-4,'water') || query.block_neighbor_has_any_tag(-3,0,-4,'water') || query.block_neighbor_has_any_tag(-4,0,-4,'water') || query.block_neighbor_has_any_tag(4,0,-3,'water') || query.block_neighbor_has_any_tag(3,0,-3,'water') || query.block_neighbor_has_any_tag(2,0,-3,'water') || query.block_neighbor_has_any_tag(1,0,-3,'water') || query.block_neighbor_has_any_tag(0,0,-3,'water') || query.block_neighbor_has_any_tag(-1,0,-3,'water') || query.block_neighbor_has_any_tag(-2,0,-3,'water') || query.block_neighbor_has_any_tag(-3,0,-3,'water') || query.block_neighbor_has_any_tag(-4,0,-3,'water') || query.block_neighbor_has_any_tag(4,0,-2,'water') || query.block_neighbor_has_any_tag(3,0,-2,'water') || query.block_neighbor_has_any_tag(2,0,-2,'water') || query.block_neighbor_has_any_tag(1,0,-2,'water') || query.block_neighbor_has_any_tag(0,0,-2,'water') || query.block_neighbor_has_any_tag(-1,0,-2,'water') || query.block_neighbor_has_any_tag(-2,0,-2,'water') || query.block_neighbor_has_any_tag(-3,0,-2,'water') || query.block_neighbor_has_any_tag(-4,0,-2,'water') || query.block_neighbor_has_any_tag(4,0,-1,'water') || query.block_neighbor_has_any_tag(3,0,-1,'water') || query.block_neighbor_has_any_tag(2,0,-1,'water') || query.block_neighbor_has_any_tag(1,0,-1,'water') || query.block_neighbor_has_any_tag(0,0,-1,'water') || query.block_neighbor_has_any_tag(-1,0,-1,'water') || query.block_neighbor_has_any_tag(-2,0,-1,'water') || query.block_neighbor_has_any_tag(-3,0,-1,'water') || query.block_neighbor_has_any_tag(-4,0,-1,'water') || query.block_neighbor_has_any_tag(4,0,1,'water') || query.block_neighbor_has_any_tag(3,0,1,'water') || query.block_neighbor_has_any_tag(2,0,1,'water') || query.block_neighbor_has_any_tag(1,0,1,'water') || query.block_neighbor_has_any_tag(0,0,1,'water') || query.block_neighbor_has_any_tag(-1,0,1,'water') || query.block_neighbor_has_any_tag(-2,0,1,'water') || query.block_neighbor_has_any_tag(-3,0,1,'water') || query.block_neighbor_has_any_tag(-4,0,1,'water') || query.block_neighbor_has_any_tag(4,0,2,'water') || query.block_neighbor_has_any_tag(3,0,2,'water') || query.block_neighbor_has_any_tag(2,0,2,'water') || query.block_neighbor_has_any_tag(1,0,2,'water') || query.block_neighbor_has_any_tag(0,0,2,'water') || query.block_neighbor_has_any_tag(-1,0,2,'water') || query.block_neighbor_has_any_tag(-2,0,2,'water') || query.block_neighbor_has_any_tag(-3,0,2,'water') || query.block_neighbor_has_any_tag(-4,0,2,'water') || query.block_neighbor_has_any_tag(4,0,3,'water') || query.block_neighbor_has_any_tag(3,0,3,'water') || query.block_neighbor_has_any_tag(2,0,3,'water') || query.block_neighbor_has_any_tag(1,0,3,'water') || query.block_neighbor_has_any_tag(0,0,3,'water') || query.block_neighbor_has_any_tag(-1,0,3,'water') || query.block_neighbor_has_any_tag(-2,0,3,'water') || query.block_neighbor_has_any_tag(-3,0,3,'water') || query.block_neighbor_has_any_tag(-4,0,3,'water') || query.block_neighbor_has_any_tag(4,0,4,'water') || query.block_neighbor_has_any_tag(3,0,4,'water') || query.block_neighbor_has_any_tag(2,0,4,'water') || query.block_neighbor_has_any_tag(1,0,4,'water') || query.block_neighbor_has_any_tag(0,0,4,'water') || query.block_neighbor_has_any_tag(-1,0,4,'water') || query.block_neighbor_has_any_tag(-2,0,4,'water') || query.block_neighbor_has_any_tag(-3,0,4,'water') || query.block_neighbor_has_any_tag(-4,0,4,'water')",
            "set_block_property": {
              "wiki:wet_farmland": 1
            }
          }
        ]
      }
    },
    "permutations": [
      {
        "condition": "q.block_property('wiki:wet_farmland') == 0",
        "components": {
          "minecraft:material_instances": {
            "*": {
              "texture": "coarse_dirt_faded",
              "render_method": "alpha_test"
            },
            "up": {
              "texture": "faded_farmland",
              "render_method": "alpha_test"
            }
          }
        }
      },
      {
        "condition": "q.block_property('wiki:wet_farmland') == 1",
        "components": {
          "minecraft:material_instances": {
            "*": {
              "texture": "coarse_dirt_faded",
              "render_method": "alpha_test"
            },
            "up": {
              "texture": "faded_farmland_wet",
              "render_method": "alpha_test"
            }
          }
        }
      }
    ]
  }
}